{
    "title": "Dixit Healing Chamber",
    "sub_title": "Welcome to",
    "description": "Homeopathic clicnic of Dr. Shravan Dixit is locatied in Jublee Hills, Hyderabad. The clinic was estyablished in 2006 and is one the mose reputed clinic in the Vicinity. Guided by the clear vision group of hospitals worldwide.",
    "slots": [
        {
            "day": "Today(Sun, 7 Aug)",
            "data": [
                {
                    "morning": [
                        {
                            "slot": "10:00 AM",
                            "status": "available"
                        },
                        {
                            "slot": "10:30 AM",
                            "status": "available"
                        },
                        {
                            "slot": "11:00 AM",
                            "status": "not-available"
                        },
                        {
                            "slot": "11:30 AM",
                            "status": "not-available"
                        },
                        {
                            "slot": "12:00 PM",
                            "status": "not-available"
                        },
                        {
                            "slot": "12:30 PM",
                            "status": "no-slot"
                        },
                        {
                            "slot": "01:00 PM",
                            "status": "available"
                        },
                        {
                            "slot": "01:30 PM",
                            "status": "not-available"
                        },
                        {
                            "slot": "02:00 PM",
                            "status": "not-available"
                        }
                    ]
                },
                {
                    "evening": [
                        {
                            "slot": "02:30 PM",
                            "status": "available"
                        },
                        {
                            "slot": "03:00 PM",
                            "status": "no-slot"
                        },
                        {
                            "slot": "03:30 PM",
                            "status": "no-slot"
                        },
                        {
                            "slot": "04:00 PM",
                            "status": "not-available"
                        },
                        {
                            "slot": "04:30 PM",
                            "status": "not-available"
                        },
                        {
                            "slot": "05:00 PM",
                            "status": "available"
                        },
                        {
                            "slot": "05:30 PM",
                            "status": "not-available"
                        },
                        {
                            "slot": "06:00 PM",
                            "status": "available"
                        },
                        {
                            "slot": "06:30 PM",
                            "status": "available"
                        }
                    ]
                },
                {
                    "night": [
                        {
                            "slot": "07:00 PM",
                            "status": "not-available"
                        },
                        {
                            "slot": "07:30 PM",
                            "status": "not-available"
                        },
                        {
                            "slot": "08:00 PM",
                            "status": "no-slot"
                        },
                        {
                            "slot": "08:30 PM",
                            "status": "available"
                        },
                        {
                            "slot": "09:00 PM",
                            "status": "available"
                        },
                        {
                            "slot": "09:30 PM",
                            "status": "available"
                        },
                        {
                            "slot": "10:00 PM",
                            "status": "available"
                        },
                        {
                            "slot": "10:30 PM",
                            "status": "no-slot"
                        },
                        {
                            "slot": "11:00 PM",
                            "status": "no-slot"
                        }
                    ]
                }
            ]
        }
    ]
}